settlement_id,settlement_date,amount,reference_id,batch_id
STL0000748,2026-01-02,35171.95,TXN0000748,BATCH20260102
STL0000179,2026-01-02,37476.31,TXN0000179,BATCH20260102
STL0000688,2026-01-02,12109.25,TXN0000688,BATCH20260102
STL0000411,2026-01-02,10300.71,TXN0000411,BATCH20260102
STL0000223,2026-01-02,35430.12,TXN0000223,BATCH20260102
STL0000008,2026-01-02,37964.49,TXN0000008,BATCH20260102
STL0000649,2026-01-02,13113.16,TXN0000649,BATCH20260102
STL0000397,2026-01-02,9152.14,TXN0000397,BATCH20260102
STL0000089,2026-01-02,22968.45,TXN0000089,BATCH20260102
STL0000756,2026-01-02,48077.27,TXN0000756,BATCH20260102
STL0000502,2026-01-02,17918.93,TXN0000502,BATCH20260102
STL0000129,2026-01-02,26044.03,TXN0000129,BATCH20260102
STL0000303,2026-01-03,2394.95,TXN0000303,BATCH20260103
STL0000348,2026-01-03,34545.01,TXN0000348,BATCH20260103
STL0000420,2026-01-03,48313.36,TXN0000420,BATCH20260103
STL0000528,2026-01-03,6398.84,TXN0000528,BATCH20260103
STL0000281,2026-01-03,14213.65,TXN0000281,BATCH20260103
STL0000682,2026-01-03,37833.35,TXN0000682,BATCH20260103
STL0000787,2026-01-03,47446.29,TXN0000787,BATCH20260103
STL0000736,2026-01-03,934.63,TXN0000736,BATCH20260103
STL0000181,2026-01-03,37736.24,TXN0000181,BATCH20260103
STL0000195,2026-01-03,42493.82,TXN0000195,BATCH20260103
STL0000293,2026-01-03,36149.95,TXN0000293,BATCH20260103
STL0000675,2026-01-03,14425.83,TXN0000675,BATCH20260103
STL0000605,2026-01-03,28671.26,TXN0000605,BATCH20260103
STL0000638,2026-01-03,562.43,TXN0000638,BATCH20260103
STL0000004,2026-01-03,1586.88,TXN0000004,BATCH20260103
STL0000253,2026-01-03,4657.21,TXN0000253,BATCH20260103
STL0000563,2026-01-04,24952.1,TXN0000563,BATCH20260104
STL0000690,2026-01-04,12312.23,TXN0000690,BATCH20260104
STL0000355,2026-01-04,39361.05,TXN0000355,BATCH20260104
STL0000013,2026-01-04,36513.62,TXN0000013,BATCH20260104
STL0000024,2026-01-04,11529.5,TXN0000024,BATCH20260104
STL0000150,2026-01-04,27914.51,TXN0000150,BATCH20260104
STL0000070,2026-01-04,32642.03,TXN0000070,BATCH20260104
STL0000352,2026-01-04,19967.16,TXN0000352,BATCH20260104
STL0000709,2026-01-04,13496.23,TXN0000709,BATCH20260104
STL0000527,2026-01-04,7224.67,TXN0000527,BATCH20260104
STL0000078,2026-01-04,29001.09,TXN0000078,BATCH20260104
STL0000761,2026-01-04,4974.52,TXN0000761,BATCH20260104
STL0000081,2026-01-04,48042.87,TXN0000081,BATCH20260104
STL0000084,2026-01-04,31007.14,TXN0000084,BATCH20260104
STL0000339,2026-01-04,31015.39,TXN0000339,BATCH20260104
STL0000410,2026-01-04,11103.87,TXN0000410,BATCH20260104
STL0000509,2026-01-04,39576.35,TXN0000509,BATCH20260104
STL0000124,2026-01-04,5509.24,TXN0000124,BATCH20260104
STL0000318,2026-01-04,48899.43,TXN0000318,BATCH20260104
STL0000746,2026-01-04,4765.68,TXN0000746,BATCH20260104
STL0000107,2026-01-04,15482.09,TXN0000107,BATCH20260104
STL0000585,2026-01-04,20089.02,TXN0000585,BATCH20260104
STL0000687,2026-01-04,40492.96,TXN0000687,BATCH20260104
STL0000064,2026-01-04,33700.89,TXN0000064,BATCH20260104
STL0000663,2026-01-04,41455.83,TXN0000663,BATCH20260104
STL0000636,2026-01-04,49858.87,TXN0000636,BATCH20260104
STL0000445,2026-01-04,12462.41,TXN0000445,BATCH20260104
STL0000602,2026-01-04,29217.81,TXN0000602,BATCH20260104
STL0000662,2026-01-05,45870.51,TXN0000662,BATCH20260105
STL0000385,2026-01-05,4652.11,TXN0000385,BATCH20260105
STL0000100,2026-01-05,4705.69,TXN0000100,BATCH20260105
STL0000734,2026-01-05,30929.98,TXN0000734,BATCH20260105
STL0000416,2026-01-05,19913.85,TXN0000416,BATCH20260105
STL0000732,2026-01-05,35387.76,TXN0000732,BATCH20260105
STL0000730,2026-01-05,38240.51,TXN0000730,BATCH20260105
STL0000190,2026-01-05,29645.68,TXN0000190,BATCH20260105
STL0000609,2026-01-05,35318.18,TXN0000609,BATCH20260105
STL0000426,2026-01-05,25573.12,TXN0000426,BATCH20260105
STL0000389,2026-01-05,48423.09,TXN0000389,BATCH20260105
STL0000016,2026-01-05,33097.04,TXN0000016,BATCH20260105
STL0000488,2026-01-05,1048.29,TXN0000488,BATCH20260105
STL0000668,2026-01-05,22726.27,TXN0000668,BATCH20260105
STL0000710,2026-01-05,9489.35,TXN0000710,BATCH20260105
STL0000017,2026-01-05,42780.33,TXN0000017,BATCH20260105
STL0000673,2026-01-05,27104.06,TXN0000673,BATCH20260105
STL0000449,2026-01-05,39482.42,TXN0000449,BATCH20260105
STL0000692,2026-01-05,7092.77,TXN0000692,BATCH20260105
STL0000581,2026-01-05,14139.68,TXN0000581,BATCH20260105
STL0000069,2026-01-05,22212.22,TXN0000069,BATCH20260105
STL0000065,2026-01-05,20190.76,TXN0000065,BATCH20260105
STL0000371,2026-01-05,49929.48,TXN0000371,BATCH20260105
STL0000357,2026-01-05,41507.86,TXN0000357,BATCH20260105
STL0000365,2026-01-05,6425.25,TXN0000365,BATCH20260105
STL0000633,2026-01-06,32649.71,TXN0000633,BATCH20260106
STL0000279,2026-01-06,13884.75,TXN0000279,BATCH20260106
STL0000247,2026-01-06,3075.94,TXN0000247,BATCH20260106
STL0000556,2026-01-06,12605.17,TXN0000556,BATCH20260106
STL0000493,2026-01-06,5631.81,TXN0000493,BATCH20260106
STL0000561,2026-01-06,2368.53,TXN0000561,BATCH20260106
STL0000539,2026-01-06,22656.93,TXN0000539,BATCH20260106
STL0000233,2026-01-06,49696.51,TXN0000233,BATCH20260106
STL0000672,2026-01-06,2359.94,TXN0000672,BATCH20260106
STL0000238,2026-01-06,47384.75,TXN0000238,BATCH20260106
STL0000653,2026-01-06,33422.53,TXN0000653,BATCH20260106
STL0000520,2026-01-06,16463.2,TXN0000520,BATCH20260106
STL0000550,2026-01-06,22553.73,TXN0000550,BATCH20260106
STL0000301,2026-01-06,38042.45,TXN0000301,BATCH20260106
STL0000525,2026-01-06,33592.08,TXN0000525,BATCH20260106
STL0000707,2026-01-06,46119.08,TXN0000707,BATCH20260106
STL0000708,2026-01-06,26828.21,TXN0000708,BATCH20260106
STL0000296,2026-01-06,42603.09,TXN0000296,BATCH20260106
STL0000141,2026-01-06,40939.3,TXN0000141,BATCH20260106
STL0000244,2026-01-06,34400.51,TXN0000244,BATCH20260106
STL0000173,2026-01-06,32173.16,TXN0000173,BATCH20260106
STL0000194,2026-01-06,25347.44,TXN0000194,BATCH20260106
STL0000674,2026-01-06,49308.25,TXN0000674,BATCH20260106
STL0000312,2026-01-06,22142.32,TXN0000312,BATCH20260106
STL0000444,2026-01-06,25277.0,TXN0000444,BATCH20260106
STL0000071,2026-01-06,46325.69,TXN0000071,BATCH20260106
STL0000818,2026-01-06,22553.73,TXN0000818,BATCH20260106
STL0000762,2026-01-06,17095.58,TXN0000762,BATCH20260106
STL0000354,2026-01-06,33172.16,TXN0000354,BATCH20260106
STL0000344,2026-01-06,11816.52,TXN0000344,BATCH20260106
STL0000760,2026-01-06,25089.56,TXN0000760,BATCH20260106
STL0000809,2026-01-06,10300.71,TXN0000809,BATCH20260106
STL0000090,2026-01-06,26927.94,TXN0000090,BATCH20260106
STL0000829,2026-01-06,41455.83,TXN0000829,BATCH20260106
STL0000334,2026-01-06,39555.03,TXN0000334,BATCH20260106
STL0000773,2026-01-06,6712.08,TXN0000773,BATCH20260106
STL0000422,2026-01-06,21891.91,TXN0000422,BATCH20260106
STL0000047,2026-01-06,36622.19,TXN0000047,BATCH20260106
STL0000400,2026-01-06,37330.98,TXN0000400,BATCH20260106
STL0000011,2026-01-06,4728.02,TXN0000011,BATCH20260106
STL0000431,2026-01-06,8939.59,TXN0000431,BATCH20260106
STL0000378,2026-01-06,39675.46,TXN0000378,BATCH20260106
STL0000450,2026-01-06,16551.54,TXN0000450,BATCH20260106
STL0000443,2026-01-06,22581.1,TXN0000443,BATCH20260106
STL0000835,2026-01-06,11103.87,TXN0000835,BATCH20260106
STL0000405,2026-01-06,13677.93,TXN0000405,BATCH20260106
STL0000033,2026-01-07,7726.78,TXN0000033,BATCH20260107
STL0000192,2026-01-07,39831.74,TXN0000192,BATCH20260107
STL0000148,2026-01-07,38943.18,TXN0000148,BATCH20260107
STL0000291,2026-01-07,43722.06,TXN0000291,BATCH20260107
STL0000066,2026-01-07,12507.95,TXN0000066,BATCH20260107
STL0000547,2026-01-07,3380.83,TXN0000547,BATCH20260107
STL0000191,2026-01-07,34889.93,TXN0000191,BATCH20260107
STL0000540,2026-01-07,40544.61,TXN0000540,BATCH20260107
STL0000771,2026-01-07,359.24,TXN0000771,BATCH20260107
STL0000689,2026-01-07,29737.76,TXN0000689,BATCH20260107
STL0000292,2026-01-07,26344.96,TXN0000292,BATCH20260107
STL0000186,2026-01-07,38911.82,TXN0000186,BATCH20260107
STL0000054,2026-01-07,12470.44,TXN0000054,BATCH20260107
STL0000273,2026-01-07,23126.25,TXN0000273,BATCH20260107
STL0000490,2026-01-07,38831.0,TXN0000490,BATCH20260107
STL0000362,2026-01-07,33086.78,TXN0000362,BATCH20260107
STL0000140,2026-01-07,14260.94,TXN0000140,BATCH20260107
STL0000625,2026-01-07,30822.27,TXN0000625,BATCH20260107
STL0000109,2026-01-07,17748.56,TXN0000109,BATCH20260107
STL0000393,2026-01-07,38153.99,TXN0000393,BATCH20260107
STL0000588,2026-01-07,6520.3,TXN0000588,BATCH20260107
STL0000331,2026-01-07,23469.73,TXN0000331,BATCH20260107
STL0000221,2026-01-07,41648.16,TXN0000221,BATCH20260107
STL0000484,2026-01-07,41974.9,TXN0000484,BATCH20260107
STL0000095,2026-01-07,46952.61,TXN0000095,BATCH20260107
STL0000767,2026-01-07,38631.15,TXN0000767,BATCH20260107
STL0000477,2026-01-07,38179.53,TXN0000477,BATCH20260107
STL0000573,2026-01-07,2625.2,TXN0000573,BATCH20260107
STL0000667,2026-01-07,44954.58,TXN0000667,BATCH20260107
STL0000386,2026-01-07,21650.64,TXN0000386,BATCH20260107
STL0000208,2026-01-07,12143.64,TXN0000208,BATCH20260107
STL0000270,2026-01-07,1540.55,TXN0000270,BATCH20260107
STL0000819,2026-01-07,35318.13,TXN0000819,BATCH20260107
STL0000655,2026-01-08,31971.7,TXN0000655,BATCH20260108
STL0000399,2026-01-08,37074.36,TXN0000399,BATCH20260108
STL0000666,2026-01-08,34046.68,TXN0000666,BATCH20260108
STL0000551,2026-01-08,43910.21,TXN0000551,BATCH20260108
STL0000230,2026-01-08,41123.57,TXN0000230,BATCH20260108
STL0000648,2026-01-08,23924.91,TXN0000648,BATCH20260108
STL0000037,2026-01-08,34117.35,TXN0000037,BATCH20260108
STL0000552,2026-01-08,21687.63,TXN0000552,BATCH20260108
STL0000392,2026-01-08,17570.66,TXN0000392,BATCH20260108
STL0000557,2026-01-08,31288.62,TXN0000557,BATCH20260108
STL0000259,2026-01-08,42900.88,TXN0000259,BATCH20260108
STL0000812,2026-01-08,13496.23,TXN0000812,BATCH20260108
STL0000388,2026-01-08,20599.35,TXN0000388,BATCH20260108
STL0000629,2026-01-08,358.55,TXN0000629,BATCH20260108
STL0000196,2026-01-08,21732.82,TXN0000196,BATCH20260108
STL0000001,2026-01-08,1348.03,TXN0000001,BATCH20260108
STL0000316,2026-01-08,11936.56,TXN0000316,BATCH20260108
STL0000332,2026-01-08,37732.11,TXN0000332,BATCH20260108
STL0000122,2026-01-08,43864.22,TXN0000122,BATCH20260108
STL0000342,2026-01-08,2362.81,TXN0000342,BATCH20260108
STL0000356,2026-01-08,39370.21,TXN0000356,BATCH20260108
STL0000454,2026-01-08,29792.56,TXN0000454,BATCH20260108
STL0000361,2026-01-08,27056.75,TXN0000361,BATCH20260108
STL0000495,2026-01-08,14634.47,TXN0000495,BATCH20260108
STL0000456,2026-01-08,33538.79,TXN0000456,BATCH20260108
STL0000323,2026-01-08,31449.58,TXN0000323,BATCH20260108
STL0000731,2026-01-08,42142.98,TXN0000731,BATCH20260108
STL0000091,2026-01-08,46669.64,TXN0000091,BATCH20260108
STL0000775,2026-01-08,1410.45,TXN0000775,BATCH20260108
STL0000363,2026-01-08,841.53,TXN0000363,BATCH20260108
STL0000338,2026-01-08,33774.34,TXN0000338,BATCH20260108
STL0000171,2026-01-08,49038.03,TXN0000171,BATCH20260108
STL0000353,2026-01-08,47455.64,TXN0000353,BATCH20260108
STL0000387,2026-01-09,27862.9,TXN0000387,BATCH20260109
STL0000249,2026-01-09,23488.03,TXN0000249,BATCH20260109
STL0000019,2026-01-09,18572.03,TXN0000019,BATCH20260109
STL0000042,2026-01-09,18758.3,TXN0000042,BATCH20260109
STL0000391,2026-01-09,32871.14,TXN0000391,BATCH20260109
STL0000246,2026-01-09,45429.73,TXN0000246,BATCH20260109
STL0000240,2026-01-09,12069.23,TXN0000240,BATCH20260109
STL0000111,2026-01-09,48812.68,TXN0000111,BATCH20260109
STL0000110,2026-01-09,46295.61,TXN0000110,BATCH20260109
STL0000593,2026-01-09,35708.23,TXN0000593,BATCH20260109
STL0000102,2026-01-09,31891.94,TXN0000102,BATCH20260109
STL0000604,2026-01-09,41100.9,TXN0000604,BATCH20260109
STL0000640,2026-01-09,42567.88,TXN0000640,BATCH20260109
STL0000346,2026-01-09,44282.14,TXN0000346,BATCH20260109
STL0000825,2026-01-09,49308.25,TXN0000825,BATCH20260109
STL0000375,2026-01-09,13823.3,TXN0000375,BATCH20260109
STL0000676,2026-01-09,38314.8,TXN0000676,BATCH20260109
STL0000161,2026-01-09,35350.32,TXN0000161,BATCH20260109
STL0000553,2026-01-09,25953.3,TXN0000553,BATCH20260109
STL0000160,2026-01-09,7626.45,TXN0000160,BATCH20260109
STL0000657,2026-01-09,23961.24,TXN0000657,BATCH20260109
STL0000147,2026-01-09,32837.27,TXN0000147,BATCH20260109
STL0000869,2026-01-09,7965.01,TXN0000869,BATCH20260109
STL0000703,2026-01-09,40308.23,TXN0000703,BATCH20260109
STL0000143,2026-01-09,1318.8,TXN0000143,BATCH20260109
STL0000271,2026-01-09,15606.43,TXN0000271,BATCH20260109
STL0000461,2026-01-09,3950.53,TXN0000461,BATCH20260109
STL0000404,2026-01-09,7954.75,TXN0000404,BATCH20260109
STL0000077,2026-01-09,9575.9,TXN0000077,BATCH20260109
STL0000412,2026-01-09,38231.63,TXN0000412,BATCH20260109
STL0000554,2026-01-09,8182.15,TXN0000554,BATCH20260109
STL0000507,2026-01-10,40593.72,TXN0000507,BATCH20260110
STL0000465,2026-01-10,36087.03,TXN0000465,BATCH20260110
STL0000530,2026-01-10,33985.2,TXN0000530,BATCH20260110
STL0000485,2026-01-10,6966.22,TXN0000485,BATCH20260110
STL0000241,2026-01-10,233.52,TXN0000241,BATCH20260110
STL0000294,2026-01-10,3833.93,TXN0000294,BATCH20260110
STL0000305,2026-01-10,12285.43,TXN0000305,BATCH20260110
STL0000566,2026-01-10,22036.31,TXN0000566,BATCH20260110
STL0000274,2026-01-10,24968.91,TXN0000274,BATCH20260110
STL0000329,2026-01-10,12922.81,TXN0000329,BATCH20260110
STL0000489,2026-01-10,27485.32,TXN0000489,BATCH20260110
STL0000402,2026-01-10,18565.65,TXN0000402,BATCH20260110
STL0000232,2026-01-10,7544.92,TXN0000232,BATCH20260110
STL0000721,2026-01-10,909.34,TXN0000721,BATCH20260110
STL0000728,2026-01-10,45853.24,TXN0000728,BATCH20260110
STL0000739,2026-01-10,5440.12,TXN0000739,BATCH20260110
STL0000596,2026-01-10,19708.38,TXN0000596,BATCH20260110
STL0000635,2026-01-10,20952.46,TXN0000635,BATCH20260110
STL0000105,2026-01-10,27324.94,TXN0000105,BATCH20260110
STL0000758,2026-01-10,28241.51,TXN0000758,BATCH20260110
STL0000074,2026-01-10,19010.76,TXN0000074,BATCH20260110
STL0000068,2026-01-10,13999.4,TXN0000068,BATCH20260110
STL0000103,2026-01-10,37087.42,TXN0000103,BATCH20260110
STL0000840,2026-01-10,4727.98,TXN0000840,BATCH20260110
STL0000039,2026-01-10,22740.81,TXN0000039,BATCH20260110
STL0000022,2026-01-10,23166.78,TXN0000022,BATCH20260110
STL0000021,2026-01-10,26753.58,TXN0000021,BATCH20260110
STL0000072,2026-01-11,20380.06,TXN0000072,BATCH20260111
STL0000544,2026-01-11,39624.04,TXN0000544,BATCH20260111
STL0000701,2026-01-11,37745.36,TXN0000701,BATCH20260111
STL0000149,2026-01-11,40225.08,TXN0000149,BATCH20260111
STL0000522,2026-01-11,34519.26,TXN0000522,BATCH20260111
STL0000727,2026-01-11,7083.93,TXN0000727,BATCH20260111
STL0000512,2026-01-11,14376.93,TXN0000512,BATCH20260111
STL0000839,2026-01-11,17748.56,TXN0000839,BATCH20260111
STL0000307,2026-01-11,8835.92,TXN0000307,BATCH20260111
STL0000123,2026-01-11,29071.43,TXN0000123,BATCH20260111
STL0000836,2026-01-11,359.24,TXN0000836,BATCH20260111
STL0000780,2026-01-11,7028.07,TXN0000780,BATCH20260111
STL0000430,2026-01-11,8757.6,TXN0000430,BATCH20260111
STL0000327,2026-01-11,10119.66,TXN0000327,BATCH20260111
STL0000278,2026-01-11,46101.22,TXN0000278,BATCH20260111
STL0000755,2026-01-11,46445.44,TXN0000755,BATCH20260111
STL0000473,2026-01-11,40082.84,TXN0000473,BATCH20260111
STL0000082,2026-01-11,3519.21,TXN0000082,BATCH20260111
STL0000782,2026-01-11,21790.35,TXN0000782,BATCH20260111
STL0000460,2026-01-11,11404.5,TXN0000460,BATCH20260111
STL0000497,2026-01-11,33252.08,TXN0000497,BATCH20260111
STL0000182,2026-01-11,41977.52,TXN0000182,BATCH20260111
STL0000645,2026-01-11,30586.63,TXN0000645,BATCH20260111
STL0000218,2026-01-11,15845.84,TXN0000218,BATCH20260111
STL0000559,2026-01-11,32970.77,TXN0000559,BATCH20260111
STL0000245,2026-01-11,21314.43,TXN0000245,BATCH20260111
STL0000205,2026-01-11,24428.74,TXN0000205,BATCH20260111
STL0000198,2026-01-11,36716.39,TXN0000198,BATCH20260111
STL0000358,2026-01-12,40671.34,TXN0000358,BATCH20260112
STL0000056,2026-01-12,458.82,TXN0000056,BATCH20260112
STL0000315,2026-01-12,49968.74,TXN0000315,BATCH20260112
STL0000051,2026-01-12,46452.78,TXN0000051,BATCH20260112
STL0000266,2026-01-12,25970.13,TXN0000266,BATCH20260112
STL0000062,2026-01-12,4806.86,TXN0000062,BATCH20260112
STL0000803,2026-01-12,27862.9,TXN0000803,BATCH20260112
STL0000219,2026-01-12,10897.55,TXN0000219,BATCH20260112
STL0000073,2026-01-12,43246.03,TXN0000073,BATCH20260112
STL0000713,2026-01-12,46864.23,TXN0000713,BATCH20260112
STL0000139,2026-01-12,25607.56,TXN0000139,BATCH20260112
STL0000118,2026-01-12,1280.86,TXN0000118,BATCH20260112
STL0000828,2026-01-12,49038.03,TXN0000828,BATCH20260112
STL0000591,2026-01-12,30162.9,TXN0000591,BATCH20260112
STL0000535,2026-01-12,25002.29,TXN0000535,BATCH20260112
STL0000606,2026-01-12,1044.97,TXN0000606,BATCH20260112
STL0000098,2026-01-12,35908.82,TXN0000098,BATCH20260112
STL0000239,2026-01-12,13305.84,TXN0000239,BATCH20260112
STL0000766,2026-01-12,34016.77,TXN0000766,BATCH20260112
STL0000576,2026-01-12,38179.76,TXN0000576,BATCH20260112
STL0000580,2026-01-12,29208.85,TXN0000580,BATCH20260112
STL0000086,2026-01-12,33519.33,TXN0000086,BATCH20260112
STL0000183,2026-01-13,6398.43,TXN0000183,BATCH20260113
STL0000087,2026-01-13,13354.16,TXN0000087,BATCH20260113
STL0000340,2026-01-13,32417.85,TXN0000340,BATCH20260113
STL0000116,2026-01-13,10058.68,TXN0000116,BATCH20260113
STL0000083,2026-01-13,20248.4,TXN0000083,BATCH20260113
STL0000752,2026-01-13,45073.51,TXN0000752,BATCH20260113
STL0000322,2026-01-13,31867.23,TXN0000322,BATCH20260113
STL0000768,2026-01-13,35684.12,TXN0000768,BATCH20260113
STL0000626,2026-01-13,2633.19,TXN0000626,BATCH20260113
STL0000482,2026-01-13,19369.69,TXN0000482,BATCH20260113
STL0000562,2026-01-13,38371.25,TXN0000562,BATCH20260113
STL0000002,2026-01-13,11238.18,TXN0000002,BATCH20260113
STL0000868,2026-01-13,23221.0,TXN0000868,BATCH20260113
STL0000005,2026-01-13,25317.23,TXN0000005,BATCH20260113
STL0000007,2026-01-13,22515.53,TXN0000007,BATCH20260113
STL0000157,2026-01-13,13802.41,TXN0000157,BATCH20260113
STL0000010,2026-01-13,47864.88,TXN0000010,BATCH20260113
STL0000286,2026-01-13,28632.7,TXN0000286,BATCH20260113
STL0000733,2026-01-13,25336.07,TXN0000733,BATCH20260113
STL0000027,2026-01-13,32806.39,TXN0000027,BATCH20260113
STL0000026,2026-01-13,45665.49,TXN0000026,BATCH20260113
STL0000814,2026-01-13,31288.57,TXN0000814,BATCH20260113
STL0000046,2026-01-13,2990.47,TXN0000046,BATCH20260113
STL0000723,2026-01-13,19054.0,TXN0000723,BATCH20260113
STL0000092,2026-01-13,18539.35,TXN0000092,BATCH20260113
STL0000308,2026-01-13,24933.6,TXN0000308,BATCH20260113
STL0000057,2026-01-13,3463.28,TXN0000057,BATCH20260113
STL0000423,2026-01-14,21840.26,TXN0000423,BATCH20260114
STL0000468,2026-01-14,26747.12,TXN0000468,BATCH20260114
STL0000429,2026-01-14,5229.95,TXN0000429,BATCH20260114
STL0000020,2026-01-14,35120.83,TXN0000020,BATCH20260114
STL0000061,2026-01-14,39252.49,TXN0000061,BATCH20260114
STL0000866,2026-01-14,20384.98,TXN0000866,BATCH20260114
STL0000029,2026-01-14,37274.95,TXN0000029,BATCH20260114
STL0000222,2026-01-14,18107.97,TXN0000222,BATCH20260114
STL0000660,2026-01-14,34049.06,TXN0000660,BATCH20260114
STL0000309,2026-01-14,23111.38,TXN0000309,BATCH20260114
STL0000693,2026-01-14,40807.71,TXN0000693,BATCH20260114
STL0000742,2026-01-14,39767.32,TXN0000742,BATCH20260114
STL0000321,2026-01-14,30392.51,TXN0000321,BATCH20260114
STL0000652,2026-01-14,32718.8,TXN0000652,BATCH20260114
STL0000534,2026-01-14,48029.95,TXN0000534,BATCH20260114
STL0000643,2026-01-14,35958.01,TXN0000643,BATCH20260114
STL0000299,2026-01-14,31594.93,TXN0000299,BATCH20260114
STL0000702,2026-01-14,42482.11,TXN0000702,BATCH20260114
STL0000572,2026-01-14,22534.84,TXN0000572,BATCH20260114
STL0000627,2026-01-14,2719.31,TXN0000627,BATCH20260114
STL0000685,2026-01-14,23085.2,TXN0000685,BATCH20260114
STL0000185,2026-01-14,38368.22,TXN0000185,BATCH20260114
STL0000671,2026-01-14,40840.99,TXN0000671,BATCH20260114
STL0000706,2026-01-14,12824.25,TXN0000706,BATCH20260114
STL0000096,2026-01-14,5859.87,TXN0000096,BATCH20260114
STL0000300,2026-01-14,37363.62,TXN0000300,BATCH20260114
STL0000114,2026-01-14,8043.97,TXN0000114,BATCH20260114
STL0000254,2026-01-15,28854.68,TXN0000254,BATCH20260115
STL0000268,2026-01-15,27506.06,TXN0000268,BATCH20260115
STL0000224,2026-01-15,2371.2,TXN0000224,BATCH20260115
STL0000801,2026-01-15,25336.07,TXN0000801,BATCH20260115
STL0000805,2026-01-15,11404.5,TXN0000805,BATCH20260115
STL0000202,2026-01-15,44093.4,TXN0000202,BATCH20260115
STL0000696,2026-01-15,3141.75,TXN0000696,BATCH20260115
STL0000615,2026-01-15,27948.52,TXN0000615,BATCH20260115
STL0000229,2026-01-15,47059.07,TXN0000229,BATCH20260115
STL0000686,2026-01-15,9505.15,TXN0000686,BATCH20260115
STL0000395,2026-01-15,1544.76,TXN0000395,BATCH20260115
STL0000407,2026-01-15,10856.89,TXN0000407,BATCH20260115
STL0000178,2026-01-15,41762.05,TXN0000178,BATCH20260115
STL0000813,2026-01-15,5229.95,TXN0000813,BATCH20260115
STL0000439,2026-01-15,3928.87,TXN0000439,BATCH20260115
STL0000319,2026-01-15,504.09,TXN0000319,BATCH20260115
STL0000335,2026-01-15,26874.96,TXN0000335,BATCH20260115
STL0000754,2026-01-15,44975.61,TXN0000754,BATCH20260115
STL0000474,2026-01-15,2703.77,TXN0000474,BATCH20260115
STL0000099,2026-01-15,25319.91,TXN0000099,BATCH20260115
STL0000753,2026-01-15,2423.44,TXN0000753,BATCH20260115
STL0000075,2026-01-15,46333.25,TXN0000075,BATCH20260115
STL0000582,2026-01-15,26880.87,TXN0000582,BATCH20260115
STL0000206,2026-01-15,17082.91,TXN0000206,BATCH20260115
STL0000314,2026-01-15,22896.11,TXN0000314,BATCH20260115
STL0000059,2026-01-15,33481.99,TXN0000059,BATCH20260115
STL0000769,2026-01-15,7795.62,TXN0000769,BATCH20260115
STL0000360,2026-01-15,42934.45,TXN0000360,BATCH20260115
STL0000641,2026-01-15,9721.25,TXN0000641,BATCH20260115
STL0000725,2026-01-15,38191.7,TXN0000725,BATCH20260115
STL0000781,2026-01-15,24706.88,TXN0000781,BATCH20260115
STL0000128,2026-01-15,2314.85,TXN0000128,BATCH20260115
STL0000451,2026-01-15,12674.56,TXN0000451,BATCH20260115
STL0000050,2026-01-15,26430.88,TXN0000050,BATCH20260115
STL0000712,2026-01-16,47855.27,TXN0000712,BATCH20260116
STL0000800,2026-01-16,12176.86,TXN0000800,BATCH20260116
STL0000616,2026-01-16,38581.6,TXN0000616,BATCH20260116
STL0000621,2026-01-16,2199.12,TXN0000621,BATCH20260116
STL0000491,2026-01-16,6180.23,TXN0000491,BATCH20260116
STL0000745,2026-01-16,34233.68,TXN0000745,BATCH20260116
STL0000542,2026-01-16,42582.97,TXN0000542,BATCH20260116
STL0000619,2026-01-16,6181.52,TXN0000619,BATCH20260116
STL0000565,2026-01-16,22731.85,TXN0000565,BATCH20260116
STL0000790,2026-01-16,16101.19,TXN0000790,BATCH20260116
STL0000651,2026-01-16,29164.75,TXN0000651,BATCH20260116
STL0000716,2026-01-16,19095.02,TXN0000716,BATCH20260116
STL0000783,2026-01-16,24263.11,TXN0000783,BATCH20260116
STL0000436,2026-01-16,29611.81,TXN0000436,BATCH20260116
STL0000343,2026-01-16,49796.78,TXN0000343,BATCH20260116
STL0000341,2026-01-16,32497.05,TXN0000341,BATCH20260116
STL0000237,2026-01-16,28474.61,TXN0000237,BATCH20260116
STL0000243,2026-01-16,35377.06,TXN0000243,BATCH20260116
STL0000156,2026-01-16,38314.1,TXN0000156,BATCH20260116
STL0000158,2026-01-16,11801.23,TXN0000158,BATCH20260116
STL0000256,2026-01-16,9156.27,TXN0000256,BATCH20260116
STL0000217,2026-01-16,12645.0,TXN0000217,BATCH20260116
STL0000041,2026-01-16,42099.3,TXN0000041,BATCH20260116
STL0000120,2026-01-16,17622.19,TXN0000120,BATCH20260116
STL0000101,2026-01-16,2299.93,TXN0000101,BATCH20260116
STL0000177,2026-01-16,37625.29,TXN0000177,BATCH20260116
STL0000076,2026-01-16,21208.07,TXN0000076,BATCH20260116
STL0000088,2026-01-16,22915.51,TXN0000088,BATCH20260116
STL0000212,2026-01-16,11157.63,TXN0000212,BATCH20260116
STL0000220,2026-01-16,36256.79,TXN0000220,BATCH20260116
STL0000324,2026-01-16,39451.66,TXN0000324,BATCH20260116
STL0000159,2026-01-17,44662.04,TXN0000159,BATCH20260117
STL0000131,2026-01-17,33203.04,TXN0000131,BATCH20260117
STL0000571,2026-01-17,12162.72,TXN0000571,BATCH20260117
STL0000044,2026-01-17,24481.42,TXN0000044,BATCH20260117
STL0000442,2026-01-17,30289.79,TXN0000442,BATCH20260117
STL0000187,2026-01-17,5494.13,TXN0000187,BATCH20260117
STL0000025,2026-01-17,20118.12,TXN0000025,BATCH20260117
STL0000313,2026-01-17,31983.01,TXN0000313,BATCH20260117
STL0000330,2026-01-17,37353.28,TXN0000330,BATCH20260117
STL0000694,2026-01-17,11921.51,TXN0000694,BATCH20260117
STL0000326,2026-01-17,16403.28,TXN0000326,BATCH20260117
STL0000359,2026-01-17,38740.99,TXN0000359,BATCH20260117
STL0000670,2026-01-17,36191.66,TXN0000670,BATCH20260117
STL0000132,2026-01-17,25405.41,TXN0000132,BATCH20260117
STL0000304,2026-01-17,17987.32,TXN0000304,BATCH20260117
STL0000564,2026-01-17,24198.95,TXN0000564,BATCH20260117
STL0000142,2026-01-17,11309.57,TXN0000142,BATCH20260117
STL0000434,2026-01-17,7632.77,TXN0000434,BATCH20260117
STL0000201,2026-01-17,42600.49,TXN0000201,BATCH20260117
STL0000720,2026-01-17,20755.12,TXN0000720,BATCH20260117
STL0000236,2026-01-17,43022.32,TXN0000236,BATCH20260117
STL0000717,2026-01-17,13151.93,TXN0000717,BATCH20260117
STL0000396,2026-01-17,46084.72,TXN0000396,BATCH20260117
STL0000847,2026-01-17,22534.84,TXN0000847,BATCH20260117
STL0000632,2026-01-17,14342.23,TXN0000632,BATCH20260117
STL0000722,2026-01-17,7705.33,TXN0000722,BATCH20260117
STL0000213,2026-01-17,33231.61,TXN0000213,BATCH20260117
STL0000654,2026-01-17,8069.87,TXN0000654,BATCH20260117
STL0000374,2026-01-17,30454.04,TXN0000374,BATCH20260117
STL0000807,2026-01-17,6180.23,TXN0000807,BATCH20260117
STL0000521,2026-01-17,22351.2,TXN0000521,BATCH20260117
STL0000137,2026-01-17,14416.98,TXN0000137,BATCH20260117
STL0000263,2026-01-18,5884.49,TXN0000263,BATCH20260118
STL0000079,2026-01-18,2952.55,TXN0000079,BATCH20260118
STL0000792,2026-01-18,14643.23,TXN0000792,BATCH20260118
STL0000575,2026-01-18,46694.2,TXN0000575,BATCH20260118
STL0000176,2026-01-18,16941.28,TXN0000176,BATCH20260118
STL0000188,2026-01-18,28832.26,TXN0000188,BATCH20260118
STL0000665,2026-01-18,42738.83,TXN0000665,BATCH20260118
STL0000058,2026-01-18,3635.78,TXN0000058,BATCH20260118
STL0000180,2026-01-18,11288.69,TXN0000180,BATCH20260118
STL0000503,2026-01-18,12132.18,TXN0000503,BATCH20260118
STL0000297,2026-01-18,31377.24,TXN0000297,BATCH20260118
STL0000568,2026-01-18,43088.11,TXN0000568,BATCH20260118
STL0000117,2026-01-18,15329.02,TXN0000117,BATCH20260118
STL0000510,2026-01-18,46675.21,TXN0000510,BATCH20260118
STL0000569,2026-01-18,48771.17,TXN0000569,BATCH20260118
STL0000804,2026-01-18,21208.03,TXN0000804,BATCH20260118
STL0000644,2026-01-18,39559.29,TXN0000644,BATCH20260118
STL0000052,2026-01-18,20009.72,TXN0000052,BATCH20260118
STL0000628,2026-01-18,35896.17,TXN0000628,BATCH20260118
STL0000763,2026-01-18,1578.32,TXN0000763,BATCH20260118
STL0000455,2026-01-18,27990.21,TXN0000455,BATCH20260118
STL0000413,2026-01-18,6087.19,TXN0000413,BATCH20260118
STL0000463,2026-01-18,43831.98,TXN0000463,BATCH20260118
STL0000595,2026-01-18,46575.3,TXN0000595,BATCH20260118
STL0000452,2026-01-18,4166.91,TXN0000452,BATCH20260118
STL0000138,2026-01-18,23302.91,TXN0000138,BATCH20260118
STL0000719,2026-01-18,45725.06,TXN0000719,BATCH20260118
STL0000364,2026-01-18,887.48,TXN0000364,BATCH20260118
STL0000418,2026-01-18,28830.38,TXN0000418,BATCH20260118
STL0000055,2026-01-18,1149.61,TXN0000055,BATCH20260118
STL0000133,2026-01-18,20179.78,TXN0000133,BATCH20260118
STL0000831,2026-01-18,2990.47,TXN0000831,BATCH20260118
STL0000383,2026-01-18,21395.52,TXN0000383,BATCH20260118
STL0000425,2026-01-18,11156.43,TXN0000425,BATCH20260118
STL0000837,2026-01-18,32417.85,TXN0000837,BATCH20260118
STL0000656,2026-01-19,30769.81,TXN0000656,BATCH20260119
STL0000015,2026-01-19,28909.87,TXN0000015,BATCH20260119
STL0000599,2026-01-19,16628.86,TXN0000599,BATCH20260119
STL0000622,2026-01-19,46208.08,TXN0000622,BATCH20260119
STL0000504,2026-01-19,6757.14,TXN0000504,BATCH20260119
STL0000570,2026-01-19,25797.51,TXN0000570,BATCH20260119
STL0000698,2026-01-19,47085.16,TXN0000698,BATCH20260119
STL0000428,2026-01-19,36396.22,TXN0000428,BATCH20260119
STL0000841,2026-01-19,2299.93,TXN0000841,BATCH20260119
STL0000038,2026-01-19,5666.45,TXN0000038,BATCH20260119
STL0000193,2026-01-19,26683.99,TXN0000193,BATCH20260119
STL0000526,2026-01-19,25702.99,TXN0000526,BATCH20260119
STL0000295,2026-01-19,31200.64,TXN0000295,BATCH20260119
STL0000513,2026-01-19,13733.51,TXN0000513,BATCH20260119
STL0000642,2026-01-19,8208.44,TXN0000642,BATCH20260119
STL0000204,2026-01-19,1532.13,TXN0000204,BATCH20260119
STL0000529,2026-01-19,18171.31,TXN0000529,BATCH20260119
STL0000555,2026-01-19,47379.41,TXN0000555,BATCH20260119
STL0000784,2026-01-19,12659.82,TXN0000784,BATCH20260119
STL0000680,2026-01-19,6019.77,TXN0000680,BATCH20260119
STL0000125,2026-01-19,36454.4,TXN0000125,BATCH20260119
STL0000597,2026-01-19,25415.02,TXN0000597,BATCH20260119
STL0000408,2026-01-19,21552.67,TXN0000408,BATCH20260119
STL0000108,2026-01-19,10582.82,TXN0000108,BATCH20260119
STL0000586,2026-01-19,27705.82,TXN0000586,BATCH20260119
STL0000280,2026-01-19,46718.99,TXN0000280,BATCH20260119
STL0000459,2026-01-19,47388.65,TXN0000459,BATCH20260119
STL0000390,2026-01-19,5269.67,TXN0000390,BATCH20260119
STL0000325,2026-01-19,36644.75,TXN0000325,BATCH20260119
STL0000795,2026-01-19,5782.97,TXN0000795,BATCH20260119
STL0000453,2026-01-19,15580.56,TXN0000453,BATCH20260119
STL0000817,2026-01-19,45725.05,TXN0000817,BATCH20260119
STL0000543,2026-01-19,25486.91,TXN0000543,BATCH20260119
STL0000639,2026-01-19,14299.63,TXN0000639,BATCH20260119
STL0000031,2026-01-19,11044.11,TXN0000031,BATCH20260119
STL0000541,2026-01-19,35506.07,TXN0000541,BATCH20260119
STL0000458,2026-01-19,15512.42,TXN0000458,BATCH20260119
STL0000258,2026-01-19,20476.57,TXN0000258,BATCH20260119
STL0000288,2026-01-20,19365.3,TXN0000288,BATCH20260120
STL0000747,2026-01-20,27679.8,TXN0000747,BATCH20260120
STL0000216,2026-01-20,35172.46,TXN0000216,BATCH20260120
STL0000135,2026-01-20,33898.17,TXN0000135,BATCH20260120
STL0000531,2026-01-20,22252.57,TXN0000531,BATCH20260120
STL0000166,2026-01-20,15000.77,TXN0000166,BATCH20260120
STL0000770,2026-01-20,15902.21,TXN0000770,BATCH20260120
STL0000470,2026-01-20,33947.46,TXN0000470,BATCH20260120
STL0000679,2026-01-20,4104.47,TXN0000679,BATCH20260120
STL0000475,2026-01-20,27771.58,TXN0000475,BATCH20260120
STL0000821,2026-01-20,22915.51,TXN0000821,BATCH20260120
STL0000584,2026-01-20,38216.42,TXN0000584,BATCH20260120
STL0000778,2026-01-20,38980.54,TXN0000778,BATCH20260120
STL0000127,2026-01-20,44985.29,TXN0000127,BATCH20260120
STL0000336,2026-01-20,33674.13,TXN0000336,BATCH20260120
STL0000464,2026-01-20,7797.21,TXN0000464,BATCH20260120
STL0000130,2026-01-20,21621.72,TXN0000130,BATCH20260120
STL0000350,2026-01-20,5057.8,TXN0000350,BATCH20260120
STL0000146,2026-01-20,24769.41,TXN0000146,BATCH20260120
STL0000515,2026-01-20,17017.93,TXN0000515,BATCH20260120
STL0000496,2026-01-20,12104.16,TXN0000496,BATCH20260120
STL0000815,2026-01-20,5666.43,TXN0000815,BATCH20260120
STL0000500,2026-01-20,43679.2,TXN0000500,BATCH20260120
STL0000447,2026-01-20,18705.31,TXN0000447,BATCH20260120
STL0000045,2026-01-20,43948.22,TXN0000045,BATCH20260120
STL0000834,2026-01-20,11921.46,TXN0000834,BATCH20260120
STL0000063,2026-01-20,21236.57,TXN0000063,BATCH20260120
STL0000012,2026-01-20,42389.97,TXN0000012,BATCH20260120
STL0000164,2026-01-20,45251.44,TXN0000164,BATCH20260120
STL0000261,2026-01-21,40696.95,TXN0000261,BATCH20260121
STL0000777,2026-01-21,715.8,TXN0000777,BATCH20260121
STL0000587,2026-01-21,25262.31,TXN0000587,BATCH20260121
STL0000620,2026-01-21,40937.04,TXN0000620,BATCH20260121
STL0000401,2026-01-21,21049.64,TXN0000401,BATCH20260121
STL0000788,2026-01-21,40223.42,TXN0000788,BATCH20260121
STL0000848,2026-01-21,46575.3,TXN0000848,BATCH20260121
STL0000384,2026-01-21,47684.27,TXN0000384,BATCH20260121
STL0000382,2026-01-21,20857.88,TXN0000382,BATCH20260121
STL0000376,2026-01-21,49731.88,TXN0000376,BATCH20260121
STL0000691,2026-01-21,22004.24,TXN0000691,BATCH20260121
STL0000014,2026-01-21,4032.13,TXN0000014,BATCH20260121
STL0000448,2026-01-21,20497.59,TXN0000448,BATCH20260121
STL0000830,2026-01-21,35896.17,TXN0000830,BATCH20260121
STL0000018,2026-01-21,13970.88,TXN0000018,BATCH20260121
STL0000466,2026-01-21,18278.5,TXN0000466,BATCH20260121
STL0000345,2026-01-21,22736.82,TXN0000345,BATCH20260121
STL0000677,2026-01-21,49643.54,TXN0000677,BATCH20260121
STL0000337,2026-01-21,41138.62,TXN0000337,BATCH20260121
STL0000172,2026-01-21,29635.45,TXN0000172,BATCH20260121
STL0000483,2026-01-21,11304.48,TXN0000483,BATCH20260121
STL0000501,2026-01-21,49053.87,TXN0000501,BATCH20260121
STL0000647,2026-01-21,33495.87,TXN0000647,BATCH20260121
STL0000820,2026-01-21,8069.86,TXN0000820,BATCH20260121
STL0000743,2026-01-21,47968.96,TXN0000743,BATCH20260121
STL0000794,2026-01-21,14086.98,TXN0000794,BATCH20260121
STL0000119,2026-01-21,16480.27,TXN0000119,BATCH20260121
STL0000658,2026-01-21,20850.7,TXN0000658,BATCH20260121
STL0000035,2026-01-21,29834.83,TXN0000035,BATCH20260121
STL0000808,2026-01-21,25414.97,TXN0000808,BATCH20260121
STL0000189,2026-01-21,47079.38,TXN0000189,BATCH20260121
STL0000115,2026-01-21,43621.12,TXN0000115,BATCH20260121
STL0000802,2026-01-21,7632.77,TXN0000802,BATCH20260121
STL0000175,2026-01-21,16434.9,TXN0000175,BATCH20260121
STL0000113,2026-01-21,40131.53,TXN0000113,BATCH20260121
STL0000799,2026-01-21,33681.58,TXN0000799,BATCH20260121
STL0000700,2026-01-22,7545.96,TXN0000700,BATCH20260122
STL0000757,2026-01-22,46450.86,TXN0000757,BATCH20260122
STL0000646,2026-01-22,25812.5,TXN0000646,BATCH20260122
STL0000607,2026-01-22,7656.42,TXN0000607,BATCH20260122
STL0000608,2026-01-22,25140.76,TXN0000608,BATCH20260122
STL0000167,2026-01-22,26957.21,TXN0000167,BATCH20260122
STL0000630,2026-01-22,32679.35,TXN0000630,BATCH20260122
STL0000697,2026-01-22,27836.95,TXN0000697,BATCH20260122
STL0000170,2026-01-22,36236.63,TXN0000170,BATCH20260122
STL0000715,2026-01-22,45764.78,TXN0000715,BATCH20260122
STL0000457,2026-01-22,25473.58,TXN0000457,BATCH20260122
STL0000574,2026-01-22,12488.69,TXN0000574,BATCH20260122
STL0000260,2026-01-22,34714.32,TXN0000260,BATCH20260122
STL0000394,2026-01-22,42273.24,TXN0000394,BATCH20260122
STL0000250,2026-01-22,47139.54,TXN0000250,BATCH20260122
STL0000287,2026-01-22,2278.0,TXN0000287,BATCH20260122
STL0000827,2026-01-22,887.48,TXN0000827,BATCH20260122
STL0000533,2026-01-22,15787.83,TXN0000533,BATCH20260122
STL0000009,2026-01-22,17078.47,TXN0000009,BATCH20260122
STL0000380,2026-01-22,22632.59,TXN0000380,BATCH20260122
STL0000333,2026-01-22,48366.76,TXN0000333,BATCH20260122
STL0000600,2026-01-22,29226.74,TXN0000600,BATCH20260122
STL0000518,2026-01-22,4038.46,TXN0000518,BATCH20260122
STL0000589,2026-01-22,18722.6,TXN0000589,BATCH20260122
STL0000789,2026-01-23,16803.34,TXN0000789,BATCH20260123
STL0000211,2026-01-23,39667.35,TXN0000211,BATCH20260123
STL0000112,2026-01-23,1336.84,TXN0000112,BATCH20260123
STL0000163,2026-01-23,3207.02,TXN0000163,BATCH20260123
STL0000441,2026-01-23,45461.59,TXN0000441,BATCH20260123
STL0000798,2026-01-23,39904.51,TXN0000798,BATCH20260123
STL0000481,2026-01-23,2757.52,TXN0000481,BATCH20260123
STL0000492,2026-01-23,31983.69,TXN0000492,BATCH20260123
STL0000030,2026-01-23,44901.36,TXN0000030,BATCH20260123
STL0000524,2026-01-23,13800.31,TXN0000524,BATCH20260123
STL0000372,2026-01-23,34336.27,TXN0000372,BATCH20260123
STL0000373,2026-01-23,3767.19,TXN0000373,BATCH20260123
STL0000446,2026-01-23,26251.02,TXN0000446,BATCH20260123
STL0000267,2026-01-23,38023.53,TXN0000267,BATCH20260123
STL0000381,2026-01-23,17012.65,TXN0000381,BATCH20260123
STL0000480,2026-01-23,44243.03,TXN0000480,BATCH20260123
STL0000349,2026-01-23,22290.32,TXN0000349,BATCH20260123
STL0000774,2026-01-23,22497.3,TXN0000774,BATCH20260123
STL0000478,2026-01-23,45274.78,TXN0000478,BATCH20260123
STL0000228,2026-01-23,17101.23,TXN0000228,BATCH20260123
STL0000583,2026-01-23,6783.35,TXN0000583,BATCH20260123
STL0000414,2026-01-23,8867.17,TXN0000414,BATCH20260123
STL0000162,2026-01-23,20439.18,TXN0000162,BATCH20260123
STL0000251,2026-01-23,4114.05,TXN0000251,BATCH20260123
STL0000034,2026-01-23,29860.76,TXN0000034,BATCH20260123
STL0000417,2026-01-23,1035.2,TXN0000417,BATCH20260123
STL0000215,2026-01-23,49831.87,TXN0000215,BATCH20260123
STL0000419,2026-01-23,14546.81,TXN0000419,BATCH20260123
STL0000479,2026-01-23,4676.51,TXN0000479,BATCH20260123
STL0000478,2026-01-23,45274.78,TXN0000478,BATCH20260123
STL0000252,2026-01-23,36753.24,TXN0000252,BATCH20260123
STL0000126,2026-01-23,30349.82,TXN0000126,BATCH20260123
STL0000438,2026-01-24,1976.6,TXN0000438,BATCH20260124
STL0000823,2026-01-24,40223.42,TXN0000823,BATCH20260124
STL0000486,2026-01-24,34833.99,TXN0000486,BATCH20260124
STL0000469,2026-01-24,45208.32,TXN0000469,BATCH20260124
STL0000028,2026-01-24,7229.29,TXN0000028,BATCH20260124
STL0000508,2026-01-24,1945.49,TXN0000508,BATCH20260124
STL0000678,2026-01-24,43494.05,TXN0000678,BATCH20260124
STL0000487,2026-01-24,22485.21,TXN0000487,BATCH20260124
STL0000311,2026-01-24,45070.35,TXN0000311,BATCH20260124
STL0000467,2026-01-24,30568.71,TXN0000467,BATCH20260124
STL0000310,2026-01-24,12840.76,TXN0000310,BATCH20260124
STL0000302,2026-01-24,8401.6,TXN0000302,BATCH20260124
STL0000772,2026-01-24,18059.88,TXN0000772,BATCH20260124
STL0000242,2026-01-24,14633.84,TXN0000242,BATCH20260124
STL0000053,2026-01-24,44990.74,TXN0000053,BATCH20260124
STL0000764,2026-01-24,24581.08,TXN0000764,BATCH20260124
STL0000844,2026-01-24,2213.48,TXN0000844,BATCH20260124
STL0000567,2026-01-24,10280.75,TXN0000567,BATCH20260124
STL0000093,2026-01-24,41703.87,TXN0000093,BATCH20260124
STL0000145,2026-01-24,20780.61,TXN0000145,BATCH20260124
STL0000514,2026-01-24,44485.38,TXN0000514,BATCH20260124
STL0000546,2026-01-24,40202.71,TXN0000546,BATCH20260124
STL0000269,2026-01-24,44054.25,TXN0000269,BATCH20260124
STL0000797,2026-01-24,47154.45,TXN0000797,BATCH20260124
STL0000285,2026-01-24,46649.31,TXN0000285,BATCH20260124
STL0000153,2026-01-24,30671.35,TXN0000153,BATCH20260124
STL0000537,2026-01-24,10807.06,TXN0000537,BATCH20260124
STL0000200,2026-01-24,41304.16,TXN0000200,BATCH20260124
STL0000650,2026-01-24,37712.46,TXN0000650,BATCH20260124
STL0000523,2026-01-24,2213.52,TXN0000523,BATCH20260124
STL0000151,2026-01-25,6753.62,TXN0000151,BATCH20260125
STL0000421,2026-01-25,41618.09,TXN0000421,BATCH20260125
STL0000144,2026-01-25,30602.57,TXN0000144,BATCH20260125
STL0000435,2026-01-25,22166.18,TXN0000435,BATCH20260125
STL0000718,2026-01-25,5020.55,TXN0000718,BATCH20260125
STL0000155,2026-01-25,22558.48,TXN0000155,BATCH20260125
STL0000377,2026-01-25,25326.97,TXN0000377,BATCH20260125
STL0000432,2026-01-25,37746.85,TXN0000432,BATCH20260125
STL0000601,2026-01-25,13349.97,TXN0000601,BATCH20260125
STL0000683,2026-01-25,33707.64,TXN0000683,BATCH20260125
STL0000714,2026-01-25,45730.62,TXN0000714,BATCH20260125
STL0000214,2026-01-25,27718.3,TXN0000214,BATCH20260125
STL0000786,2026-01-25,5437.87,TXN0000786,BATCH20260125
STL0000276,2026-01-25,49014.17,TXN0000276,BATCH20260125
STL0000277,2026-01-25,27608.13,TXN0000277,BATCH20260125
STL0000049,2026-01-25,47347.75,TXN0000049,BATCH20260125
STL0000209,2026-01-25,27803.29,TXN0000209,BATCH20260125
STL0000538,2026-01-25,10088.9,TXN0000538,BATCH20260125
STL0000262,2026-01-25,4494.18,TXN0000262,BATCH20260125
STL0000203,2026-01-25,28535.5,TXN0000203,BATCH20260125
STL0000197,2026-01-25,35394.7,TXN0000197,BATCH20260125
STL0000506,2026-01-25,49042.88,TXN0000506,BATCH20260125
STL0000614,2026-01-25,9693.98,TXN0000614,BATCH20260125
STL0000612,2026-01-25,45614.99,TXN0000612,BATCH20260125
STL0000174,2026-01-25,9168.28,TXN0000174,BATCH20260125
STL0000669,2026-01-25,28239.17,TXN0000669,BATCH20260125
STL0000231,2026-01-25,3796.7,TXN0000231,BATCH20260125
STL0000471,2026-01-25,38494.93,TXN0000471,BATCH20260125
STL0000226,2026-01-25,5219.12,TXN0000226,BATCH20260125
STL0000255,2026-01-25,25996.3,TXN0000255,BATCH20260125
STL0000080,2026-01-26,45977.4,TXN0000080,BATCH20260126
STL0000843,2026-01-26,17101.2,TXN0000843,BATCH20260126
STL0000791,2026-01-26,15777.75,TXN0000791,BATCH20260126
STL0000040,2026-01-26,38121.91,TXN0000040,BATCH20260126
STL0000735,2026-01-26,885.02,TXN0000735,BATCH20260126
STL0000032,2026-01-26,24726.44,TXN0000032,BATCH20260126
STL0000822,2026-01-26,1336.84,TXN0000822,BATCH20260126
STL0000726,2026-01-26,23095.37,TXN0000726,BATCH20260126
STL0000785,2026-01-26,29730.94,TXN0000785,BATCH20260126
STL0000870,2026-01-26,35264.77,TXN0000870,BATCH20260126
STL0000545,2026-01-26,1411.57,TXN0000545,BATCH20260126
STL0000282,2026-01-26,43276.5,TXN0000282,BATCH20260126
STL0000289,2026-01-26,48244.74,TXN0000289,BATCH20260126
STL0000631,2026-01-26,32561.86,TXN0000631,BATCH20260126
STL0000558,2026-01-26,32085.27,TXN0000558,BATCH20260126
STL0000617,2026-01-26,15920.33,TXN0000617,BATCH20260126
STL0000264,2026-01-26,41263.87,TXN0000264,BATCH20260126
STL0000257,2026-01-26,48455.84,TXN0000257,BATCH20260126
STL0000472,2026-01-26,26420.24,TXN0000472,BATCH20260126
STL0000347,2026-01-26,30821.05,TXN0000347,BATCH20260126
STL0000548,2026-01-26,26332.19,TXN0000548,BATCH20260126
STL0000168,2026-01-26,11049.14,TXN0000168,BATCH20260126
STL0000169,2026-01-26,1548.32,TXN0000169,BATCH20260126
STL0000462,2026-01-26,38566.65,TXN0000462,BATCH20260126
STL0000579,2026-01-26,22915.81,TXN0000579,BATCH20260126
STL0000367,2026-01-26,22468.92,TXN0000367,BATCH20260126
STL0000592,2026-01-26,2108.69,TXN0000592,BATCH20260126
STL0000369,2026-01-26,11155.33,TXN0000369,BATCH20260126
STL0000623,2026-01-26,10777.94,TXN0000623,BATCH20260126
STL0000440,2026-01-26,19285.63,TXN0000440,BATCH20260126
STL0000409,2026-01-26,26394.01,TXN0000409,BATCH20260126
STL0000406,2026-01-26,30393.05,TXN0000406,BATCH20260126
STL0000711,2026-01-26,10523.57,TXN0000711,BATCH20260126
STL0000210,2026-01-26,32330.55,TXN0000210,BATCH20260126
STL0000577,2026-01-27,23394.02,TXN0000577,BATCH20260127
STL0000048,2026-01-27,38315.1,TXN0000048,BATCH20260127
STL0000594,2026-01-27,22903.73,TXN0000594,BATCH20260127
STL0000275,2026-01-27,35300.0,TXN0000275,BATCH20260127
STL0000578,2026-01-27,1256.5,TXN0000578,BATCH20260127
STL0000516,2026-01-27,34634.22,TXN0000516,BATCH20260127
STL0000036,2026-01-27,12645.56,TXN0000036,BATCH20260127
STL0000517,2026-01-27,13409.36,TXN0000517,BATCH20260127
STL0000499,2026-01-27,27249.69,TXN0000499,BATCH20260127
STL0000498,2026-01-27,48735.26,TXN0000498,BATCH20260127
STL0000816,2026-01-27,11155.32,TXN0000816,BATCH20260127
STL0000320,2026-01-27,41658.66,TXN0000320,BATCH20260127
STL0000824,2026-01-27,25996.3,TXN0000824,BATCH20260127
STL0000366,2026-01-27,5771.1,TXN0000366,BATCH20260127
STL0000368,2026-01-27,29723.93,TXN0000368,BATCH20260127
STL0000370,2026-01-27,15151.33,TXN0000370,BATCH20260127
STL0000437,2026-01-27,3802.11,TXN0000437,BATCH20260127
STL0000290,2026-01-27,48271.14,TXN0000290,BATCH20260127
STL0000611,2026-01-27,18903.56,TXN0000611,BATCH20260127
STL0000637,2026-01-27,9396.95,TXN0000637,BATCH20260127
STL0000749,2026-01-27,42281.94,TXN0000749,BATCH20260127
STL0000684,2026-01-27,19025.9,TXN0000684,BATCH20260127
STL0000738,2026-01-27,40676.55,TXN0000738,BATCH20260127
STL0000751,2026-01-27,45965.67,TXN0000751,BATCH20260127
STL0000740,2026-01-27,7529.98,TXN0000740,BATCH20260127
STL0000634,2026-01-27,36960.46,TXN0000634,BATCH20260127
STL0000724,2026-01-27,27577.06,TXN0000724,BATCH20260127
STL0000681,2026-01-27,6454.59,TXN0000681,BATCH20260127
STL0000729,2026-01-27,1787.79,TXN0000729,BATCH20260127
STL0000272,2026-01-28,20458.74,TXN0000272,BATCH20260128
STL0000043,2026-01-28,47679.59,TXN0000043,BATCH20260128
STL0000121,2026-01-28,16624.36,TXN0000121,BATCH20260128
STL0000796,2026-01-28,9078.37,TXN0000796,BATCH20260128
STL0000225,2026-01-28,14677.62,TXN0000225,BATCH20260128
STL0000328,2026-01-28,25139.56,TXN0000328,BATCH20260128
STL0000661,2026-01-28,22392.72,TXN0000661,BATCH20260128
STL0000207,2026-01-28,606.54,TXN0000207,BATCH20260128
STL0000741,2026-01-28,12695.65,TXN0000741,BATCH20260128
STL0000298,2026-01-28,1891.37,TXN0000298,BATCH20260128
STL0000519,2026-01-28,14758.94,TXN0000519,BATCH20260128
STL0000494,2026-01-28,920.12,TXN0000494,BATCH20260128
STL0000659,2026-01-28,40119.55,TXN0000659,BATCH20260128
STL0000511,2026-01-28,23722.65,TXN0000511,BATCH20260128
STL0000265,2026-01-28,23152.62,TXN0000265,BATCH20260128
STL0000476,2026-01-28,42573.19,TXN0000476,BATCH20260128
STL0000106,2026-01-28,7489.84,TXN0000106,BATCH20260128
STL0000379,2026-01-28,36069.91,TXN0000379,BATCH20260128
STL0000759,2026-01-28,16653.32,TXN0000759,BATCH20260128
STL0000415,2026-01-28,35213.2,TXN0000415,BATCH20260128
STL0000424,2026-01-28,4024.49,TXN0000424,BATCH20260128
STL0000603,2026-01-28,31488.34,TXN0000603,BATCH20260128
STL0000235,2026-01-28,19080.82,TXN0000235,BATCH20260128
STL0000737,2026-01-28,48876.21,TXN0000737,BATCH20260128
STL0000427,2026-01-28,25546.61,TXN0000427,BATCH20260128
STL0000094,2026-01-28,490.36,TXN0000094,BATCH20260128
STL0000505,2026-01-28,16993.51,TXN0000505,BATCH20260128
STL0000152,2026-01-28,49395.83,TXN0000152,BATCH20260128
STL0000699,2026-01-28,16004.81,TXN0000699,BATCH20260128
STL0000695,2026-01-28,11130.03,TXN0000695,BATCH20260128
STL0000154,2026-01-28,22351.09,TXN0000154,BATCH20260128
STL0000664,2026-01-29,26879.34,TXN0000664,BATCH20260129
STL0000826,2026-01-29,6454.62,TXN0000826,BATCH20260129
STL0000351,2026-01-29,45094.64,TXN0000351,BATCH20260129
STL0000842,2026-01-29,23152.61,TXN0000842,BATCH20260129
STL0000832,2026-01-29,23394.07,TXN0000832,BATCH20260129
STL0000845,2026-01-29,47063.03,TXN0000845,BATCH20260129
STL0000850,2026-01-29,46953.53,TXN0000850,BATCH20260129
STL0000398,2026-01-29,32901.5,TXN0000398,BATCH20260129
STL0000003,2026-01-29,4438.23,TXN0000003,BATCH20260129
STL0000838,2026-01-29,45461.56,TXN0000838,BATCH20260129
STL0000165,2026-01-29,19081.01,TXN0000165,BATCH20260129
STL0000136,2026-01-29,15117.36,TXN0000136,BATCH20260129
STL0000060,2026-01-29,6702.36,TXN0000060,BATCH20260129
STL0000234,2026-01-29,38245.73,TXN0000234,BATCH20260129
STL0000590,2026-01-29,46953.53,TXN0000590,BATCH20260129
STL0000776,2026-01-29,4743.91,TXN0000776,BATCH20260129
STL0000067,2026-01-29,22485.82,TXN0000067,BATCH20260129
STL0000097,2026-01-29,7856.85,TXN0000097,BATCH20260129
STL0000624,2026-01-29,34838.95,TXN0000624,BATCH20260129
STL0000104,2026-01-29,582.52,TXN0000104,BATCH20260129
STL0000750,2026-01-29,48868.73,TXN0000750,BATCH20260129
STL0000560,2026-01-29,2155.58,TXN0000560,BATCH20260129
STL0000306,2026-01-29,34121.84,TXN0000306,BATCH20260129
STL0000744,2026-01-29,12236.07,TXN0000744,BATCH20260129
STL0000598,2026-01-29,15059.55,TXN0000598,BATCH20260129
STL0000134,2026-01-29,6451.61,TXN0000134,BATCH20260129
STL0000403,2026-01-29,29851.55,TXN0000403,BATCH20260129
STL0000283,2026-01-29,24268.64,TXN0000283,BATCH20260129
STL0000284,2026-01-29,38167.3,TXN0000284,BATCH20260129
STL0000765,2026-01-29,47063.03,TXN0000765,BATCH20260129
STL0000613,2026-01-29,17778.92,TXN0000613,BATCH20260129
STL0000199,2026-01-29,38754.61,TXN0000199,BATCH20260129
STL0000810,2026-01-29,26332.18,TXN0000810,BATCH20260129
STL0000704,2026-01-30,20692.61,TXN0000704,BATCH20260130
STL0000610,2026-01-30,16319.97,TXN0000610,BATCH20260130
STL0000846,2026-01-30,6970.99,TXN0000846,BATCH20260130
STL0000227,2026-01-30,14288.53,TXN0000227,BATCH20260130
STL0000006,2026-01-30,10022.0,TXN0000006,BATCH20260130
STL0000867,2026-01-30,38539.8,TXN0000867,BATCH20260130
STL0000849,2026-01-30,26546.59,TXN0000849,BATCH20260130
STL0000705,2026-01-30,26546.59,TXN0000705,BATCH20260130
STL0000811,2026-01-30,14758.94,TXN0000811,BATCH20260130
STL0000433,2026-01-30,32185.27,TXN0000433,BATCH20260130
STL0000085,2026-01-30,26186.82,TXN0000085,BATCH20260130
STL0000317,2026-01-30,14864.03,TXN0000317,BATCH20260130
STL0000806,2026-01-30,17778.9,TXN0000806,BATCH20260130
STL0000532,2026-01-30,6970.97,TXN0000532,BATCH20260130
STL0000618,2026-01-30,46691.65,TXN0000618,BATCH20260130
STL0000536,2026-01-30,5976.27,TXN0000536,BATCH20260130
STL0000184,2026-01-30,47393.08,TXN0000184,BATCH20260130
STL0000248,2026-01-30,46067.51,TXN0000248,BATCH20260130
STL0000779,2026-01-30,26103.1,TXN0000779,BATCH20260130
STL0000833,2026-01-30,22392.72,TXN0000833,BATCH20260130
STL0000549,2026-01-30,3780.16,TXN0000549,BATCH20260130
STL0000023,2026-01-30,11058.8,TXN0000023,BATCH20260130
STL0000793,2026-01-30,39120.52,TXN0000793,BATCH20260130
STL0000861,2026-02-01,1731.48,TXN0000861,BATCH20260201
STL0000853,2026-02-01,7100.8,TXN0000853,BATCH20260201
STL0000855,2026-02-01,24281.99,TXN0000855,BATCH20260201
STL0000860,2026-02-01,39814.46,TXN0000860,BATCH20260201
STL0000865,2026-02-02,13467.66,TXN0000865,BATCH20260202
STL0000864,2026-02-02,25589.22,TXN0000864,BATCH20260202
STL0000851,2026-02-02,31811.53,TXN0000851,BATCH20260202
STL0000862,2026-02-02,14504.65,TXN0000862,BATCH20260202
STL0000859,2026-02-02,8445.95,TXN0000859,BATCH20260202
STL0000858,2026-02-02,35536.1,TXN0000858,BATCH20260202
STL0000856,2026-02-02,48195.07,TXN0000856,BATCH20260202
STL0000854,2026-02-02,31008.56,TXN0000854,BATCH20260202
STL0000852,2026-02-02,27790.14,TXN0000852,BATCH20260202
STL0000863,2026-02-02,37151.66,TXN0000863,BATCH20260202
STL0000857,2026-02-02,24799.0,TXN0000857,BATCH20260202
